ticker,date,cross_type,entry_price,exit_price,hold_days,price_change_pct,crossover_correct,rule_signal,rule_correct,atv_confirmed,rsi_gate,hybrid_signal,hybrid_correct,confidence,rl_agrees
AAPL,2021-06-28,golden_cross,131.5,138.56,5,5.37,True,HOLD,,True,blocked_overbought,HOLD,,55,False
AAPL,2021-06-28,golden_cross,131.5,142.09,10,8.06,True,HOLD,,True,blocked_overbought,HOLD,,55,False
AAPL,2021-06-28,golden_cross,131.5,143.2,20,8.9,True,HOLD,,True,blocked_overbought,HOLD,,55,False
AAPL,2021-10-01,death_cross,139.38,139.63,5,0.18,False,SELL,False,True,passed,SELL,False,60,False
AAPL,2021-10-01,death_cross,139.38,141.52,10,1.54,False,SELL,False,True,passed,SELL,False,60,False
AAPL,2021-10-01,death_cross,139.38,146.37,20,5.01,False,SELL,False,True,passed,SELL,False,60,False
AAPL,2021-11-04,golden_cross,147.5,144.7,5,-1.9,False,HOLD,,False,n/a,HOLD,,55,False
AAPL,2021-11-04,golden_cross,147.5,154.48,10,4.73,True,HOLD,,False,n/a,HOLD,,55,False
AAPL,2021-11-04,golden_cross,147.5,158.37,20,7.36,True,HOLD,,False,n/a,HOLD,,55,False
AAPL,2022-01-31,death_cross,171.03,168.19,5,-1.66,True,SELL,True,True,passed,SELL,True,60,False
AAPL,2022-01-31,death_cross,171.03,165.47,10,-3.25,True,SELL,True,True,passed,SELL,True,60,False
AAPL,2022-01-31,death_cross,171.03,159.9,20,-6.51,True,SELL,True,True,passed,SELL,True,60,False
AAPL,2022-04-05,golden_cross,171.52,164.27,5,-4.23,False,HOLD,,False,n/a,HOLD,,55,False
AAPL,2022-04-05,golden_cross,171.52,163.85,10,-4.47,False,HOLD,,False,n/a,HOLD,,55,False
AAPL,2022-04-05,golden_cross,171.52,162.66,20,-5.16,False,HOLD,,False,n/a,HOLD,,55,False
AAPL,2022-05-03,death_cross,156.26,151.61,5,-2.97,True,SELL,True,True,passed,SELL,True,60,False
AAPL,2022-05-03,death_cross,156.26,146.44,10,-6.28,True,SELL,True,True,passed,SELL,True,60,False
AAPL,2022-05-03,death_cross,156.26,145.92,20,-6.62,True,SELL,True,True,passed,SELL,True,60,False
AAPL,2022-07-20,golden_cross,150.17,153.85,5,2.45,True,HOLD,,False,n/a,HOLD,,55,False
AAPL,2022-07-20,golden_cross,150.17,163.01,10,8.55,True,HOLD,,False,n/a,HOLD,,55,False
AAPL,2022-07-20,golden_cross,150.17,171.51,20,14.21,True,HOLD,,False,n/a,HOLD,,55,False
AAPL,2022-09-19,death_cross,151.79,148.14,5,-2.4,True,SELL,True,True,passed,SELL,True,60,False
AAPL,2022-09-19,death_cross,151.79,139.97,10,-7.79,True,SELL,True,True,passed,SELL,True,60,False
AAPL,2022-09-19,death_cross,151.79,139.93,20,-7.81,True,SELL,True,True,passed,SELL,True,60,False
AAPL,2022-11-21,golden_cross,145.67,138.94,5,-4.62,False,HOLD,,False,n/a,HOLD,,55,False
AAPL,2022-11-21,golden_cross,145.67,140.65,10,-3.45,False,HOLD,,False,n/a,HOLD,,55,False
AAPL,2022-11-21,golden_cross,145.67,130.21,20,-10.61,False,HOLD,,False,n/a,HOLD,,55,False
AAPL,2022-11-29,death_cross,138.94,140.65,5,1.23,False,HOLD,,False,n/a,HOLD,,55,False
AAPL,2022-11-29,death_cross,138.94,143.17,10,3.05,False,HOLD,,False,n/a,HOLD,,55,False
AAPL,2022-11-29,death_cross,138.94,124.05,20,-10.72,True,HOLD,,False,n/a,HOLD,,55,False
AAPL,2022-12-01,golden_cross,145.97,140.4,5,-3.82,False,HOLD,,False,n/a,HOLD,,55,False
AAPL,2022-12-01,golden_cross,145.97,134.35,10,-7.96,False,HOLD,,False,n/a,HOLD,,55,False
AAPL,2022-12-01,golden_cross,145.97,127.88,20,-12.39,False,HOLD,,False,n/a,HOLD,,55,False
AAPL,2022-12-19,death_cross,130.28,127.98,5,-1.77,True,SELL,True,True,passed,SELL,True,60,False
AAPL,2022-12-19,death_cross,130.28,124.37,10,-4.54,True,SELL,True,True,passed,SELL,True,60,False
AAPL,2022-12-19,death_cross,130.28,133.14,20,2.19,False,SELL,False,True,passed,SELL,False,60,False
AAPL,2023-02-03,golden_cross,152.06,148.85,5,-2.11,False,HOLD,,False,n/a,HOLD,,55,False
AAPL,2023-02-03,golden_cross,152.06,150.37,10,-1.11,False,HOLD,,False,n/a,HOLD,,55,False
AAPL,2023-02-03,golden_cross,152.06,151.63,20,-0.28,False,HOLD,,False,n/a,HOLD,,55,False
AAPL,2023-08-16,death_cross,174.52,179.02,5,2.58,False,HOLD,,True,blocked_oversold,HOLD,,55,False
AAPL,2023-08-16,death_cross,174.52,185.48,10,6.28,False,HOLD,,True,blocked_oversold,HOLD,,55,False
AAPL,2023-08-16,death_cross,174.52,173.7,20,-0.47,True,HOLD,,True,blocked_oversold,HOLD,,55,False
AAPL,2023-11-14,golden_cross,185.51,188.68,5,1.71,True,HOLD,,True,blocked_overbought,HOLD,,55,False
AAPL,2023-11-14,golden_cross,185.51,187.42,10,1.03,True,HOLD,,True,blocked_overbought,HOLD,,55,False
AAPL,2023-11-14,golden_cross,185.51,195.92,20,5.61,True,HOLD,,True,blocked_overbought,HOLD,,55,False
AAPL,2024-01-17,death_cross,180.8,192.5,5,6.47,False,HOLD,,False,n/a,HOLD,,55,False
AAPL,2024-01-17,death_cross,180.8,182.5,10,0.94,False,HOLD,,False,n/a,HOLD,,55,False
AAPL,2024-01-17,death_cross,180.8,182.49,20,0.93,False,HOLD,,False,n/a,HOLD,,55,False
AAPL,2024-05-08,golden_cross,181.09,188.26,5,3.96,True,HOLD,,True,blocked_overbought,HOLD,,55,False
AAPL,2024-05-08,golden_cross,181.09,189.43,10,4.61,True,HOLD,,True,blocked_overbought,HOLD,,55,False
AAPL,2024-05-08,golden_cross,181.09,192.99,20,6.57,True,HOLD,,True,blocked_overbought,HOLD,,55,False
AAPL,2024-08-20,death_cross,225.03,226.54,5,0.67,False,HOLD,,False,n/a,HOLD,,55,False
AAPL,2024-08-20,death_cross,225.03,219.41,10,-2.5,True,HOLD,,False,n/a,HOLD,,55,False
AAPL,2024-08-20,death_cross,225.03,219.25,20,-2.57,True,HOLD,,False,n/a,HOLD,,55,False
AAPL,2024-08-27,golden_cross,226.54,219.41,5,-3.15,False,HOLD,,False,n/a,HOLD,,55,False
AAPL,2024-08-27,golden_cross,226.54,221.21,10,-2.35,False,HOLD,,False,n/a,HOLD,,55,False
AAPL,2024-08-27,golden_cross,226.54,224.89,20,-0.73,False,HOLD,,False,n/a,HOLD,,55,False
AAPL,2024-11-19,death_cross,227.04,233.78,5,2.97,False,SELL,False,True,passed,SELL,False,60,False
AAPL,2024-11-19,death_cross,227.04,241.69,10,6.45,False,SELL,False,True,passed,SELL,False,60,False
AAPL,2024-11-19,death_cross,227.04,246.7,20,8.66,False,SELL,False,True,passed,SELL,False,60,False
AAPL,2024-12-03,golden_cross,241.33,246.42,5,2.11,True,HOLD,,True,blocked_overbought,HOLD,,55,False
AAPL,2024-12-03,golden_cross,241.33,252.1,10,4.46,True,HOLD,,True,blocked_overbought,HOLD,,55,False
AAPL,2024-12-03,golden_cross,241.33,242.53,20,0.49,True,HOLD,,True,blocked_overbought,HOLD,,55,False
AAPL,2025-01-27,death_cross,228.61,226.77,5,-0.8,True,SELL,True,True,passed,SELL,True,60,False
AAPL,2025-01-27,death_cross,228.61,226.66,10,-0.85,True,SELL,True,True,passed,SELL,True,60,False
AAPL,2025-01-27,death_cross,228.61,245.97,20,7.59,False,SELL,False,True,passed,SELL,False,60,False
AAPL,2025-03-06,golden_cross,234.31,208.77,5,-10.9,False,HOLD,,False,n/a,HOLD,,55,False
AAPL,2025-03-06,golden_cross,234.31,213.17,10,-9.02,False,HOLD,,False,n/a,HOLD,,55,False
AAPL,2025-03-06,golden_cross,234.31,202.31,20,-13.66,False,HOLD,,False,n/a,HOLD,,55,False
AAPL,2025-03-17,death_cross,213.07,219.77,5,3.14,False,HOLD,,True,blocked_oversold,HOLD,,55,False
AAPL,2025-03-17,death_cross,213.07,221.17,10,3.8,False,HOLD,,True,blocked_oversold,HOLD,,55,False
AAPL,2025-03-17,death_cross,213.07,201.64,20,-5.36,True,HOLD,,True,blocked_oversold,HOLD,,55,False
AAPL,2025-06-05,golden_cross,200.02,198.6,5,-0.71,False,HOLD,,False,n/a,HOLD,,55,False
AAPL,2025-06-05,golden_cross,200.02,200.39,10,0.18,True,HOLD,,False,n/a,HOLD,,55,False
AAPL,2025-06-05,golden_cross,200.02,209.31,20,4.65,True,HOLD,,False,n/a,HOLD,,55,False
AAPL,2025-06-17,death_cross,195.05,200.95,5,3.03,False,SELL,False,True,passed,SELL,False,60,False
AAPL,2025-06-17,death_cross,195.05,211.8,10,8.59,False,SELL,False,True,passed,SELL,False,60,False
AAPL,2025-06-17,death_cross,195.05,209.38,20,7.35,False,SELL,False,True,passed,SELL,False,60,False
AAPL,2025-07-11,golden_cross,210.52,210.54,5,0.01,True,HOLD,,True,blocked_overbought,HOLD,,55,False
AAPL,2025-07-11,golden_cross,210.52,213.23,10,1.29,True,HOLD,,True,blocked_overbought,HOLD,,55,False
AAPL,2025-07-11,golden_cross,210.52,228.65,20,8.61,True,HOLD,,True,blocked_overbought,HOLD,,55,False
AAPL,2026-01-07,death_cross,260.09,259.72,5,-0.14,True,HOLD,,False,n/a,HOLD,,55,False
AAPL,2026-01-07,death_cross,260.09,248.12,10,-4.6,True,HOLD,,False,n/a,HOLD,,55,False
AAPL,2026-01-07,death_cross,260.09,275.65,20,5.98,False,HOLD,,False,n/a,HOLD,,55,False
AAPL,2026-02-23,golden_cross,266.18,264.72,5,-0.55,False,HOLD,,False,n/a,HOLD,,55,False
AAPL,2026-02-23,golden_cross,266.18,259.88,10,-2.37,False,HOLD,,False,n/a,HOLD,,55,False
AAPL,2026-02-23,golden_cross,266.18,251.49,20,-5.52,False,HOLD,,False,n/a,HOLD,,55,False
AAPL,2026-03-18,death_cross,249.94,252.62,5,1.07,False,HOLD,,False,n/a,HOLD,,55,False
AAPL,2026-03-18,death_cross,249.94,255.63,10,2.28,False,HOLD,,False,n/a,HOLD,,55,False
MSFT,2021-06-23,golden_cross,255.13,260.54,5,2.12,True,HOLD,,True,blocked_overbought,HOLD,,70,True
MSFT,2021-06-23,golden_cross,255.13,266.82,10,4.58,True,HOLD,,True,blocked_overbought,HOLD,,70,True
MSFT,2021-06-23,golden_cross,255.13,275.2,20,7.87,True,HOLD,,True,blocked_overbought,HOLD,,70,True
MSFT,2021-10-06,death_cross,282.45,285.53,5,1.09,False,SELL,False,True,passed,SELL,False,60,False
MSFT,2021-10-06,death_cross,282.45,296.23,10,4.88,False,SELL,False,True,passed,SELL,False,60,False
MSFT,2021-10-06,death_cross,282.45,321.85,20,13.95,False,SELL,False,True,passed,SELL,False,60,False
MSFT,2021-10-27,golden_cross,311.41,321.85,5,3.35,True,HOLD,,False,n/a,HOLD,,70,True
MSFT,2021-10-27,golden_cross,311.41,318.76,10,2.36,True,HOLD,,False,n/a,HOLD,,70,True
MSFT,2021-10-27,golden_cross,311.41,326.21,20,4.75,True,HOLD,,False,n/a,HOLD,,70,True
MSFT,2022-01-06,death_cross,303.01,294.25,5,-2.89,True,HOLD,,False,n/a,HOLD,,70,True
MSFT,2022-01-06,death_cross,303.01,285.78,10,-5.69,True,HOLD,,False,n/a,HOLD,,70,True
MSFT,2022-01-06,death_cross,303.01,295.35,20,-2.53,True,HOLD,,False,n/a,HOLD,,70,True
MSFT,2022-04-04,golden_cross,304.69,275.95,5,-9.43,False,HOLD,,False,n/a,HOLD,,70,True
MSFT,2022-04-04,golden_cross,304.69,275.99,10,-9.42,False,HOLD,,False,n/a,HOLD,,70,True
MSFT,2022-04-04,golden_cross,304.69,272.59,20,-10.54,False,HOLD,,False,n/a,HOLD,,70,True
MSFT,2022-04-26,death_cross,261.4,272.59,5,4.28,False,HOLD,,False,n/a,HOLD,,55,False
MSFT,2022-04-26,death_cross,261.4,260.71,10,-0.27,True,HOLD,,False,n/a,HOLD,,55,False
MSFT,2022-04-26,death_cross,261.4,251.74,20,-3.7,True,HOLD,,False,n/a,HOLD,,55,False
MSFT,2022-07-21,golden_cross,256.8,268.02,5,4.37,True,HOLD,,False,n/a,HOLD,,70,True
MSFT,2022-07-21,golden_cross,256.8,275.04,10,7.1,True,HOLD,,False,n/a,HOLD,,70,True
MSFT,2022-07-21,golden_cross,256.8,281.95,20,9.8,True,HOLD,,False,n/a,HOLD,,70,True
MSFT,2022-07-26,death_cross,244.25,266.47,5,9.1,False,HOLD,,False,n/a,HOLD,,70,True
MSFT,2022-07-26,death_cross,244.25,273.73,10,12.07,False,HOLD,,False,n/a,HOLD,,70,True
MSFT,2022-07-26,death_cross,244.25,268.61,20,9.97,False,HOLD,,False,n/a,HOLD,,70,True
MSFT,2022-07-28,golden_cross,268.02,275.04,5,2.62,True,HOLD,,False,n/a,HOLD,,70,True
MSFT,2022-07-28,golden_cross,268.02,278.3,10,3.84,True,HOLD,,False,n/a,HOLD,,70,True
MSFT,2022-07-28,golden_cross,268.02,270.95,20,1.1,True,HOLD,,False,n/a,HOLD,,70,True
MSFT,2022-09-14,death_cross,245.08,232.18,5,-5.26,True,HOLD,,True,blocked_oversold,HOLD,,55,False
MSFT,2022-09-14,death_cross,245.08,234.24,10,-4.42,True,HOLD,,True,blocked_oversold,HOLD,,55,False
MSFT,2022-09-14,death_cross,245.08,219.36,20,-10.49,True,HOLD,,True,blocked_oversold,HOLD,,55,False
MSFT,2022-11-30,golden_cross,248.61,238.12,5,-4.22,False,HOLD,,False,n/a,HOLD,,70,True
MSFT,2022-11-30,golden_cross,248.61,250.64,10,0.82,True,HOLD,,False,n/a,HOLD,,70,True
MSFT,2022-11-30,golden_cross,248.61,234.85,20,-5.54,False,HOLD,,False,n/a,HOLD,,70,True
MSFT,2023-01-10,death_cross,223.0,229.78,5,3.04,False,SELL,False,True,passed,SELL,False,60,False
MSFT,2023-01-10,death_cross,223.0,234.46,10,5.14,False,SELL,False,True,passed,SELL,False,60,False
MSFT,2023-01-10,death_cross,223.0,259.91,20,16.55,False,SELL,False,True,passed,SELL,False,60,False
MSFT,2023-02-07,golden_cross,260.72,265.21,5,1.72,True,HOLD,,True,blocked_overbought,HOLD,,70,True
MSFT,2023-02-07,golden_cross,260.72,245.69,10,-5.76,False,HOLD,,True,blocked_overbought,HOLD,,70,True
MSFT,2023-02-07,golden_cross,260.72,247.83,20,-4.94,False,HOLD,,True,blocked_overbought,HOLD,,70,True
MSFT,2023-08-14,death_cross,317.24,315.79,5,-0.46,True,HOLD,,False,n/a,HOLD,,55,False
MSFT,2023-08-14,death_cross,317.24,317.57,10,0.11,False,HOLD,,False,n/a,HOLD,,55,False
MSFT,2023-08-14,death_cross,317.24,325.49,20,2.6,False,HOLD,,False,n/a,HOLD,,55,False
MSFT,2023-10-25,golden_cross,334.22,339.52,5,1.59,True,HOLD,,True,blocked_overbought,HOLD,,70,True
MSFT,2023-10-25,golden_cross,334.22,356.33,10,6.61,True,HOLD,,True,blocked_overbought,HOLD,,70,True
MSFT,2023-10-25,golden_cross,334.22,371.45,20,11.14,True,HOLD,,True,blocked_overbought,HOLD,,70,True
MSFT,2024-04-29,death_cross,396.17,407.29,5,2.81,False,SELL,False,True,passed,SELL,False,60,False
MSFT,2024-04-29,death_cross,396.17,407.47,10,2.85,False,SELL,False,True,passed,SELL,False,60,False
MSFT,2024-04-29,death_cross,396.17,424.58,20,7.17,False,SELL,False,True,passed,SELL,False,60,False
MSFT,2024-05-29,golden_cross,423.44,418.35,5,-1.2,False,HOLD,,False,n/a,HOLD,,70,True
MSFT,2024-05-29,golden_cross,423.44,435.18,10,2.77,True,HOLD,,False,n/a,HOLD,,70,True
MSFT,2024-05-29,golden_cross,423.44,446.81,20,5.52,True,HOLD,,False,n/a,HOLD,,70,True
MSFT,2024-08-05,death_cross,389.88,401.38,5,2.95,False,HOLD,,True,blocked_oversold,HOLD,,55,False
MSFT,2024-08-05,death_cross,389.88,416.66,10,6.87,False,HOLD,,True,blocked_oversold,HOLD,,55,False
MSFT,2024-08-05,death_cross,389.88,404.71,20,3.8,False,HOLD,,True,blocked_oversold,HOLD,,55,False
MSFT,2024-09-24,golden_cross,424.21,415.83,5,-1.98,False,BUY,False,True,passed,BUY,False,60,False
MSFT,2024-09-24,golden_cross,424.21,409.92,10,-3.37,False,BUY,False,True,passed,BUY,False,60,False
MSFT,2024-09-24,golden_cross,424.21,422.57,20,-0.39,False,BUY,False,True,passed,BUY,False,60,False
MSFT,2024-10-22,death_cross,422.57,426.96,5,1.04,False,HOLD,,False,n/a,HOLD,,70,True
MSFT,2024-10-22,death_cross,422.57,406.7,10,-3.75,True,HOLD,,False,n/a,HOLD,,70,True
MSFT,2024-10-22,death_cross,422.57,412.96,20,-2.27,True,HOLD,,False,n/a,HOLD,,70,True
MSFT,2024-12-03,golden_cross,427.07,439.08,5,2.81,True,HOLD,,False,n/a,HOLD,,70,True
MSFT,2024-12-03,golden_cross,427.07,450.1,10,5.39,True,HOLD,,False,n/a,HOLD,,70,True
MSFT,2024-12-03,golden_cross,427.07,414.57,20,-2.93,False,HOLD,,False,n/a,HOLD,,70,True
MSFT,2025-01-17,death_cross,424.92,430.4,5,1.29,False,HOLD,,False,n/a,HOLD,,55,False
MSFT,2025-01-17,death_cross,424.92,406.98,10,-4.22,True,HOLD,,False,n/a,HOLD,,55,False
MSFT,2025-01-17,death_cross,424.92,405.71,20,-4.52,True,HOLD,,False,n/a,HOLD,,55,False
MSFT,2025-05-06,golden_cross,430.02,445.73,5,3.65,True,HOLD,,True,blocked_overbought,HOLD,,70,True
MSFT,2025-05-06,golden_cross,430.02,455.52,10,5.93,True,HOLD,,True,blocked_overbought,HOLD,,70,True
MSFT,2025-05-06,golden_cross,430.02,461.19,20,7.25,True,HOLD,,True,blocked_overbought,HOLD,,70,True
MSFT,2025-09-09,death_cross,496.35,506.93,5,2.13,False,HOLD,,False,n/a,HOLD,,55,False
MSFT,2025-09-09,death_cross,496.35,507.12,10,2.17,False,HOLD,,False,n/a,HOLD,,55,False
MSFT,2025-09-09,death_cross,496.35,521.81,20,5.13,False,HOLD,,False,n/a,HOLD,,55,False
MSFT,2025-10-08,golden_cross,522.68,511.3,5,-2.18,False,HOLD,,False,n/a,HOLD,,70,True
MSFT,2025-10-08,golden_cross,522.68,518.38,10,-0.82,False,HOLD,,False,n/a,HOLD,,70,True
MSFT,2025-10-08,golden_cross,522.68,505.06,20,-3.37,False,HOLD,,False,n/a,HOLD,,70,True
MSFT,2025-11-19,death_cross,485.1,484.39,5,-0.15,True,HOLD,,True,blocked_oversold,HOLD,,55,False
MSFT,2025-11-19,death_cross,485.1,479.74,10,-1.1,True,HOLD,,True,blocked_oversold,HOLD,,55,False
MSFT,2025-11-19,death_cross,485.1,482.88,20,-0.46,True,HOLD,,True,blocked_oversold,HOLD,,55,False
GOOGL,2021-06-23,golden_cross,121.13,121.09,5,-0.03,False,HOLD,,False,n/a,HOLD,,55,False
GOOGL,2021-06-23,golden_cross,121.13,124.02,10,2.39,True,HOLD,,False,n/a,HOLD,,55,False
GOOGL,2021-06-23,golden_cross,121.13,127.37,20,5.15,True,HOLD,,False,n/a,HOLD,,55,False
GOOGL,2021-10-07,death_cross,138.08,139.99,5,1.38,False,SELL,False,True,passed,SELL,False,90,True
GOOGL,2021-10-07,death_cross,138.08,140.72,10,1.91,False,SELL,False,True,passed,SELL,False,90,True
GOOGL,2021-10-07,death_cross,138.08,147.05,20,6.49,False,SELL,False,True,passed,SELL,False,90,True
GOOGL,2021-11-02,golden_cross,144.24,147.7,5,2.4,True,BUY,True,True,passed,BUY,True,90,True
GOOGL,2021-11-02,golden_cross,144.24,146.66,10,1.68,True,BUY,True,True,passed,BUY,True,90,True
GOOGL,2021-11-02,golden_cross,144.24,139.9,20,-3.01,False,BUY,False,True,passed,BUY,False,90,True
GOOGL,2021-12-21,death_cross,142.3,145.45,5,2.22,False,SELL,False,True,passed,SELL,False,90,True
GOOGL,2021-12-21,death_cross,142.3,136.65,10,-3.97,True,SELL,True,True,passed,SELL,True,90,True
GOOGL,2021-12-21,death_cross,142.3,132.21,20,-7.09,True,SELL,True,True,passed,SELL,True,90,True
GOOGL,2021-12-30,golden_cross,145.0,136.62,5,-5.78,False,HOLD,,False,n/a,HOLD,,55,False
GOOGL,2021-12-30,golden_cross,145.0,137.45,10,-5.21,False,HOLD,,False,n/a,HOLD,,55,False
GOOGL,2021-12-30,golden_cross,145.0,132.26,20,-8.79,False,HOLD,,False,n/a,HOLD,,55,False
GOOGL,2022-01-05,death_cross,136.65,140.27,5,2.65,False,HOLD,,False,n/a,HOLD,,55,False
GOOGL,2022-01-05,death_cross,136.65,132.21,10,-3.24,True,HOLD,,False,n/a,HOLD,,55,False
GOOGL,2022-01-05,death_cross,136.65,141.92,20,3.86,False,HOLD,,False,n/a,HOLD,,55,False
GOOGL,2022-03-31,golden_cross,137.93,134.77,5,-2.29,False,HOLD,,False,n/a,HOLD,,55,False
GOOGL,2022-03-31,golden_cross,137.93,125.69,10,-8.87,False,HOLD,,False,n/a,HOLD,,55,False
GOOGL,2022-03-31,golden_cross,137.93,113.17,20,-17.95,False,HOLD,,False,n/a,HOLD,,55,False
GOOGL,2022-04-25,death_cross,122.07,115.63,5,-5.27,True,HOLD,,True,blocked_oversold,HOLD,,55,False
GOOGL,2022-04-25,death_cross,122.07,111.59,10,-8.58,True,HOLD,,True,blocked_oversold,HOLD,,55,False
GOOGL,2022-04-25,death_cross,122.07,110.57,20,-9.41,True,HOLD,,True,blocked_oversold,HOLD,,55,False
GOOGL,2022-07-18,golden_cross,108.14,106.63,5,-1.39,False,BUY,False,True,passed,BUY,False,90,True
GOOGL,2022-07-18,golden_cross,108.14,113.92,10,5.35,True,BUY,True,True,passed,BUY,True,90,True
GOOGL,2022-07-18,golden_cross,108.14,121.08,20,11.97,True,BUY,True,True,passed,BUY,True,90,True
GOOGL,2022-07-26,death_cross,104.16,114.19,5,9.63,False,HOLD,,False,n/a,HOLD,,55,False
GOOGL,2022-07-26,death_cross,104.16,115.67,10,11.06,False,HOLD,,False,n/a,HOLD,,55,False
GOOGL,2022-07-26,death_cross,104.16,112.93,20,8.42,False,HOLD,,False,n/a,HOLD,,55,False
GOOGL,2022-07-27,golden_cross,112.13,117.11,5,4.44,True,BUY,True,True,passed,BUY,True,90,True
GOOGL,2022-07-27,golden_cross,112.13,118.72,10,5.87,True,BUY,True,True,passed,BUY,True,90,True
GOOGL,2022-07-27,golden_cross,112.13,112.76,20,0.56,True,BUY,True,True,passed,BUY,True,90,True
GOOGL,2022-09-09,death_cross,109.74,101.96,5,-7.09,True,SELL,True,True,passed,SELL,True,60,False
GOOGL,2022-09-09,death_cross,109.74,97.93,10,-10.76,True,SELL,True,True,passed,SELL,True,60,False
GOOGL,2022-09-09,death_cross,109.74,97.87,20,-10.82,True,SELL,True,True,passed,SELL,True,60,False
GOOGL,2022-12-07,golden_cross,94.16,94.29,5,0.14,True,HOLD,,False,n/a,HOLD,,55,False
GOOGL,2022-12-07,golden_cross,94.16,88.85,10,-5.65,False,HOLD,,False,n/a,HOLD,,55,False
GOOGL,2022-12-07,golden_cross,94.16,86.62,20,-8.01,False,HOLD,,False,n/a,HOLD,,55,False
GOOGL,2022-12-20,death_cross,88.29,85.31,5,-3.37,True,HOLD,,True,blocked_oversold,HOLD,,55,False
GOOGL,2022-12-20,death_cross,88.29,85.49,10,-3.17,True,HOLD,,True,blocked_oversold,HOLD,,55,False
GOOGL,2022-12-20,death_cross,88.29,97.22,20,10.11,False,HOLD,,True,blocked_oversold,HOLD,,55,False
GOOGL,2023-02-01,golden_cross,99.61,98.56,5,-1.06,False,BUY,False,True,passed,BUY,False,90,True
GOOGL,2023-02-01,golden_cross,99.61,96.15,10,-3.48,False,BUY,False,True,passed,BUY,False,90,True
GOOGL,2023-02-01,golden_cross,99.61,91.25,20,-8.39,False,BUY,False,True,passed,BUY,False,90,True
GOOGL,2023-03-08,death_cross,93.48,95.32,5,1.97,False,HOLD,,False,n/a,HOLD,,55,False
GOOGL,2023-03-08,death_cross,93.48,102.52,10,9.68,False,HOLD,,False,n/a,HOLD,,55,False
GOOGL,2023-03-08,death_cross,93.48,103.61,20,10.84,False,HOLD,,False,n/a,HOLD,,55,False
GOOGL,2023-03-27,golden_cross,101.62,103.5,5,1.85,True,BUY,True,True,passed,BUY,True,90,True
GOOGL,2023-03-27,golden_cross,101.62,104.49,10,2.82,True,BUY,True,True,passed,BUY,True,90,True
GOOGL,2023-03-27,golden_cross,101.62,103.0,20,1.36,True,BUY,True,True,passed,BUY,True,90,True
GOOGL,2023-07-19,death_cross,121.03,128.21,5,5.93,False,SELL,False,True,passed,SELL,False,90,True
GOOGL,2023-07-19,death_cross,121.03,127.33,10,5.2,False,SELL,False,True,passed,SELL,False,90,True
GOOGL,2023-07-19,death_cross,121.03,127.65,20,5.47,False,SELL,False,True,passed,SELL,False,90,True
GOOGL,2023-07-31,golden_cross,131.63,130.45,5,-0.9,False,HOLD,,True,blocked_overbought,HOLD,,55,False
GOOGL,2023-07-31,golden_cross,131.63,130.25,10,-1.05,False,HOLD,,True,blocked_overbought,HOLD,,55,False
GOOGL,2023-07-31,golden_cross,131.63,129.94,20,-1.29,False,HOLD,,True,blocked_overbought,HOLD,,55,False
GOOGL,2023-11-01,death_cross,125.41,130.76,5,4.26,False,SELL,False,True,passed,SELL,False,60,False
GOOGL,2023-11-01,death_cross,125.41,133.52,10,6.46,False,SELL,False,True,passed,SELL,False,60,False
GOOGL,2023-11-01,death_cross,125.41,131.44,20,4.81,False,SELL,False,True,passed,SELL,False,60,False
GOOGL,2023-11-29,golden_cross,133.88,128.95,5,-3.68,False,HOLD,,False,n/a,HOLD,,55,False
GOOGL,2023-11-29,golden_cross,133.88,131.48,10,-1.79,False,HOLD,,False,n/a,HOLD,,55,False
GOOGL,2023-11-29,golden_cross,133.88,139.08,20,3.88,True,HOLD,,False,n/a,HOLD,,55,False
GOOGL,2024-03-01,death_cross,136.02,134.3,5,-1.26,True,HOLD,,True,blocked_oversold,HOLD,,55,False
GOOGL,2024-03-01,death_cross,136.02,140.02,10,2.95,False,HOLD,,True,blocked_oversold,HOLD,,55,False
GOOGL,2024-03-01,death_cross,136.02,154.22,20,13.38,False,HOLD,,True,blocked_oversold,HOLD,,55,False
GOOGL,2024-04-02,golden_cross,153.29,155.32,5,1.32,True,HOLD,,False,n/a,HOLD,,55,False
GOOGL,2024-04-02,golden_cross,153.29,153.13,10,-0.1,False,HOLD,,False,n/a,HOLD,,55,False
GOOGL,2024-04-02,golden_cross,153.29,161.45,20,5.32,True,HOLD,,False,n/a,HOLD,,55,False
GOOGL,2024-08-05,death_cross,158.13,161.14,5,1.91,False,HOLD,,True,blocked_oversold,HOLD,,55,False
GOOGL,2024-08-05,death_cross,158.13,165.49,10,4.66,False,HOLD,,True,blocked_oversold,HOLD,,55,False
GOOGL,2024-08-05,death_cross,158.13,156.25,20,-1.19,True,HOLD,,True,blocked_oversold,HOLD,,55,False
GOOGL,2024-10-08,golden_cross,163.44,164.51,5,0.66,True,HOLD,,False,n/a,HOLD,,55,False
GOOGL,2024-10-08,golden_cross,163.44,164.19,10,0.46,True,HOLD,,False,n/a,HOLD,,55,False
GOOGL,2024-10-08,golden_cross,163.44,168.77,20,3.26,True,HOLD,,False,n/a,HOLD,,55,False
GOOGL,2025-02-21,death_cross,178.83,169.5,5,-5.22,True,HOLD,,False,n/a,HOLD,,55,False
GOOGL,2025-02-21,death_cross,178.83,173.06,10,-3.23,True,HOLD,,False,n/a,HOLD,,55,False
GOOGL,2025-02-21,death_cross,178.83,163.42,20,-8.62,True,HOLD,,False,n/a,HOLD,,55,False
GOOGL,2025-05-19,golden_cross,165.96,172.3,5,3.82,True,BUY,True,True,passed,BUY,True,90,True
GOOGL,2025-05-19,golden_cross,165.96,165.61,10,-0.22,False,BUY,False,True,passed,BUY,False,90,True
GOOGL,2025-05-19,golden_cross,165.96,175.55,20,5.78,True,BUY,True,True,passed,BUY,True,90,True
GOOGL,2026-02-26,death_cross,307.16,300.67,5,-2.11,True,HOLD,,True,blocked_oversold,HOLD,,55,False
GOOGL,2026-02-26,death_cross,307.16,303.55,10,-1.18,True,HOLD,,True,blocked_oversold,HOLD,,55,False
GOOGL,2026-02-26,death_cross,307.16,280.92,20,-8.54,True,HOLD,,True,blocked_oversold,HOLD,,55,False
AMZN,2021-06-23,golden_cross,175.19,172.01,5,-1.82,False,HOLD,,True,blocked_overbought,HOLD,,55,False
AMZN,2021-06-23,golden_cross,175.19,186.57,10,6.5,True,HOLD,,True,blocked_overbought,HOLD,,55,False
AMZN,2021-06-23,golden_cross,175.19,181.9,20,3.83,True,HOLD,,True,blocked_overbought,HOLD,,55,False
AMZN,2021-08-13,death_cross,164.7,160.0,5,-2.85,True,HOLD,,False,n/a,HOLD,,55,False
AMZN,2021-08-13,death_cross,164.7,167.48,10,1.69,False,HOLD,,False,n/a,HOLD,,55,False
AMZN,2021-08-13,death_cross,164.7,172.86,20,4.95,False,HOLD,,False,n/a,HOLD,,55,False
AMZN,2021-09-22,golden_cross,169.0,165.06,5,-2.34,False,BUY,False,True,passed,BUY,False,90,True
AMZN,2021-09-22,golden_cross,169.0,163.1,10,-3.49,False,BUY,False,True,passed,BUY,False,90,True
AMZN,2021-09-22,golden_cross,169.0,170.75,20,1.04,True,BUY,True,True,passed,BUY,True,90,True
AMZN,2021-10-11,death_cross,162.32,172.34,5,6.17,False,HOLD,,False,n/a,HOLD,,55,False
AMZN,2021-10-11,death_cross,162.32,166.02,10,2.28,False,HOLD,,False,n/a,HOLD,,55,False
AMZN,2021-10-11,death_cross,162.32,174.45,20,7.48,False,HOLD,,False,n/a,HOLD,,55,False
AMZN,2021-11-09,golden_cross,178.81,177.04,5,-0.99,False,BUY,False,True,passed,BUY,False,90,True
AMZN,2021-11-09,golden_cross,178.81,179.0,10,0.11,True,BUY,True,True,passed,BUY,True,90,True
AMZN,2021-11-09,golden_cross,178.81,176.16,20,-1.48,False,BUY,False,True,passed,BUY,False,90,True
AMZN,2021-12-22,death_cross,171.04,168.64,5,-1.4,True,HOLD,,False,n/a,HOLD,,55,False
AMZN,2021-12-22,death_cross,171.04,163.25,10,-4.55,True,HOLD,,False,n/a,HOLD,,55,False
AMZN,2021-12-22,death_cross,171.04,142.64,20,-16.6,True,HOLD,,False,n/a,HOLD,,55,False
AMZN,2022-03-28,golden_cross,168.99,168.35,5,-0.38,False,HOLD,,True,blocked_overbought,HOLD,,55,False
AMZN,2022-03-28,golden_cross,168.99,151.12,10,-10.57,False,HOLD,,True,blocked_overbought,HOLD,,55,False
AMZN,2022-03-28,golden_cross,168.99,139.39,20,-17.52,False,HOLD,,True,blocked_overbought,HOLD,,55,False
AMZN,2022-04-28,death_cross,144.6,116.41,5,-19.5,True,SELL,True,True,passed,SELL,True,60,False
AMZN,2022-04-28,death_cross,144.6,106.93,10,-26.05,True,SELL,True,True,passed,SELL,True,60,False
AMZN,2022-04-28,death_cross,144.6,111.08,20,-23.18,True,SELL,True,True,passed,SELL,True,60,False
AMZN,2022-07-20,golden_cross,122.77,120.97,5,-1.47,False,HOLD,,False,n/a,HOLD,,55,False
AMZN,2022-07-20,golden_cross,122.77,139.52,10,13.64,True,HOLD,,False,n/a,HOLD,,55,False
AMZN,2022-07-20,golden_cross,122.77,142.1,20,15.74,True,HOLD,,False,n/a,HOLD,,55,False
AMZN,2022-09-20,death_cross,122.19,114.41,5,-6.37,True,SELL,True,True,passed,SELL,True,60,False
AMZN,2022-09-20,death_cross,122.19,121.09,10,-0.9,True,SELL,True,True,passed,SELL,True,60,False
AMZN,2022-09-20,death_cross,122.19,116.36,20,-4.77,True,SELL,True,True,passed,SELL,True,60,False
AMZN,2023-01-26,golden_cross,99.22,112.91,5,13.8,True,HOLD,,False,n/a,HOLD,,55,False
AMZN,2023-01-26,golden_cross,99.22,98.24,10,-0.99,False,HOLD,,False,n/a,HOLD,,55,False
AMZN,2023-01-26,golden_cross,99.22,93.5,20,-5.76,False,HOLD,,False,n/a,HOLD,,55,False
AMZN,2023-03-10,death_cross,90.73,98.95,5,9.06,False,HOLD,,False,n/a,HOLD,,55,False
AMZN,2023-03-10,death_cross,90.73,98.13,10,8.16,False,HOLD,,False,n/a,HOLD,,55,False
AMZN,2023-03-10,death_cross,90.73,102.17,20,12.61,False,HOLD,,False,n/a,HOLD,,55,False
AMZN,2023-04-05,golden_cross,101.1,102.4,5,1.29,True,HOLD,,False,n/a,HOLD,,55,False
AMZN,2023-04-05,golden_cross,101.1,103.81,10,2.68,True,HOLD,,False,n/a,HOLD,,55,False
AMZN,2023-04-05,golden_cross,101.1,104.0,20,2.87,True,HOLD,,False,n/a,HOLD,,55,False
AMZN,2023-10-03,death_cross,124.72,129.48,5,3.82,False,HOLD,,True,blocked_oversold,HOLD,,55,False
AMZN,2023-10-03,death_cross,124.72,131.47,10,5.41,False,HOLD,,True,blocked_oversold,HOLD,,55,False
AMZN,2023-10-03,death_cross,124.72,133.09,20,6.71,False,HOLD,,True,blocked_oversold,HOLD,,55,False
AMZN,2023-11-13,golden_cross,142.59,146.13,5,2.48,True,BUY,True,True,passed,BUY,True,90,True
AMZN,2023-11-13,golden_cross,142.59,147.03,10,3.11,True,BUY,True,True,passed,BUY,True,90,True
AMZN,2023-11-13,golden_cross,142.59,147.48,20,3.43,True,BUY,True,True,passed,BUY,True,90,True
AMZN,2024-06-11,death_cross,187.23,182.81,5,-2.36,True,HOLD,,False,n/a,HOLD,,55,False
AMZN,2024-06-11,death_cross,187.23,193.61,10,3.41,False,HOLD,,False,n/a,HOLD,,55,False
AMZN,2024-06-11,death_cross,187.23,195.05,20,4.18,False,HOLD,,False,n/a,HOLD,,55,False
AMZN,2024-06-21,golden_cross,189.08,193.25,5,2.21,True,HOLD,,False,n/a,HOLD,,55,False
AMZN,2024-06-21,golden_cross,189.08,199.29,10,5.4,True,HOLD,,False,n/a,HOLD,,55,False
AMZN,2024-06-21,golden_cross,189.08,182.55,20,-3.45,False,HOLD,,False,n/a,HOLD,,55,False
AMZN,2024-08-05,death_cross,161.02,166.8,5,3.59,False,HOLD,,True,blocked_oversold,HOLD,,55,False
AMZN,2024-08-05,death_cross,161.02,178.22,10,10.68,False,HOLD,,True,blocked_oversold,HOLD,,55,False
AMZN,2024-08-05,death_cross,161.02,176.25,20,9.46,False,HOLD,,True,blocked_oversold,HOLD,,55,False
AMZN,2024-09-19,golden_cross,189.87,191.16,5,0.68,True,HOLD,,False,n/a,HOLD,,55,False
AMZN,2024-09-19,golden_cross,189.87,181.96,10,-4.17,False,HOLD,,False,n/a,HOLD,,55,False
AMZN,2024-09-19,golden_cross,189.87,187.53,20,-1.23,False,HOLD,,False,n/a,HOLD,,55,False
AMZN,2025-02-28,death_cross,212.28,199.25,5,-6.14,True,HOLD,,True,blocked_oversold,HOLD,,55,False
AMZN,2025-02-28,death_cross,212.28,197.95,10,-6.75,True,HOLD,,True,blocked_oversold,HOLD,,55,False
AMZN,2025-02-28,death_cross,212.28,192.72,20,-9.21,True,HOLD,,True,blocked_oversold,HOLD,,55,False
AMZN,2025-05-16,golden_cross,205.59,200.99,5,-2.24,False,HOLD,,False,n/a,HOLD,,55,False
AMZN,2025-05-16,golden_cross,205.59,206.65,10,0.52,True,HOLD,,False,n/a,HOLD,,55,False
AMZN,2025-05-16,golden_cross,205.59,216.1,20,5.11,True,HOLD,,False,n/a,HOLD,,55,False
AMZN,2025-10-06,death_cross,220.9,220.07,5,-0.38,True,HOLD,,True,blocked_oversold,HOLD,,55,False
AMZN,2025-10-06,death_cross,220.9,216.48,10,-2.0,True,HOLD,,True,blocked_oversold,HOLD,,55,False
AMZN,2025-10-06,death_cross,220.9,254.0,20,14.98,False,HOLD,,True,blocked_oversold,HOLD,,55,False
AMZN,2025-11-06,golden_cross,243.04,237.58,5,-2.25,False,BUY,False,True,passed,BUY,False,90,True
AMZN,2025-11-06,golden_cross,243.04,217.14,10,-10.66,False,BUY,False,True,passed,BUY,False,90,True
AMZN,2025-11-06,golden_cross,243.04,229.53,20,-5.56,False,BUY,False,True,passed,BUY,False,90,True
AMZN,2025-12-12,death_cross,226.19,227.35,5,0.51,False,HOLD,,False,n/a,HOLD,,55,False
AMZN,2025-12-12,death_cross,226.19,232.07,10,2.6,False,HOLD,,False,n/a,HOLD,,55,False
AMZN,2025-12-12,death_cross,226.19,242.6,20,7.25,False,HOLD,,False,n/a,HOLD,,55,False
AMZN,2026-01-14,golden_cross,236.65,234.34,5,-0.98,False,BUY,False,True,passed,BUY,False,90,True
AMZN,2026-01-14,golden_cross,236.65,241.73,10,2.15,True,BUY,True,True,passed,BUY,True,90,True
AMZN,2026-01-14,golden_cross,236.65,199.6,20,-15.66,False,BUY,False,True,passed,BUY,False,90,True
AMZN,2026-02-11,death_cross,204.08,204.86,5,0.38,False,HOLD,,True,blocked_oversold,HOLD,,55,False
AMZN,2026-02-11,death_cross,204.08,207.92,10,1.88,False,HOLD,,True,blocked_oversold,HOLD,,55,False
AMZN,2026-02-11,death_cross,204.08,209.53,20,2.67,False,HOLD,,True,blocked_oversold,HOLD,,55,False
TSLA,2021-07-02,golden_cross,226.3,228.57,5,1.0,True,HOLD,,True,blocked_overbought,HOLD,,55,False
TSLA,2021-07-02,golden_cross,226.3,215.41,10,-4.81,False,HOLD,,True,blocked_overbought,HOLD,,55,False
TSLA,2021-07-02,golden_cross,226.3,236.56,20,4.53,True,HOLD,,True,blocked_overbought,HOLD,,55,False
TSLA,2021-12-21,death_cross,312.84,362.06,5,15.73,False,HOLD,,False,n/a,HOLD,,55,False
TSLA,2021-12-21,death_cross,312.84,362.71,10,15.94,False,HOLD,,False,n/a,HOLD,,55,False
TSLA,2021-12-21,death_cross,312.84,332.09,20,6.15,False,HOLD,,False,n/a,HOLD,,55,False
TSLA,2022-01-19,golden_cross,331.88,312.47,5,-5.85,False,BUY,False,True,passed,BUY,False,90,True
TSLA,2022-01-19,golden_cross,331.88,301.89,10,-9.04,False,BUY,False,True,passed,BUY,False,90,True
TSLA,2022-01-19,golden_cross,331.88,307.8,20,-7.26,False,BUY,False,True,passed,BUY,False,90,True
TSLA,2022-01-26,death_cross,312.47,301.89,5,-3.39,True,SELL,True,True,passed,SELL,True,90,True
TSLA,2022-01-26,death_cross,312.47,310.67,10,-0.58,True,SELL,True,True,passed,SELL,True,90,True
TSLA,2022-01-26,death_cross,312.47,266.92,20,-14.58,True,SELL,True,True,passed,SELL,True,90,True
TSLA,2022-03-29,golden_cross,366.52,363.75,5,-0.76,False,HOLD,,True,blocked_overbought,HOLD,,55,False
TSLA,2022-03-29,golden_cross,366.52,328.98,10,-10.24,False,HOLD,,True,blocked_overbought,HOLD,,55,False
TSLA,2022-03-29,golden_cross,366.52,293.84,20,-19.83,False,HOLD,,True,blocked_overbought,HOLD,,55,False
TSLA,2022-05-09,death_cross,262.37,241.46,5,-7.97,True,HOLD,,True,blocked_oversold,HOLD,,55,False
TSLA,2022-05-09,death_cross,262.37,224.97,10,-14.26,True,HOLD,,True,blocked_oversold,HOLD,,55,False
TSLA,2022-05-09,death_cross,262.37,238.89,20,-8.95,True,HOLD,,True,blocked_oversold,HOLD,,55,False
TSLA,2022-07-20,golden_cross,247.5,274.82,5,11.04,True,HOLD,,False,n/a,HOLD,,55,False
TSLA,2022-07-20,golden_cross,247.5,307.4,10,24.2,True,HOLD,,False,n/a,HOLD,,55,False
TSLA,2022-07-20,golden_cross,247.5,304.0,20,22.83,True,HOLD,,False,n/a,HOLD,,55,False
TSLA,2022-09-29,death_cross,268.21,238.13,5,-11.22,True,SELL,True,True,passed,SELL,True,90,True
TSLA,2022-09-29,death_cross,268.21,221.72,10,-17.33,True,SELL,True,True,passed,SELL,True,90,True
TSLA,2022-09-29,death_cross,268.21,225.09,20,-16.08,True,SELL,True,True,passed,SELL,True,90,True
TSLA,2023-02-07,golden_cross,196.81,209.25,5,6.32,True,HOLD,,True,blocked_overbought,HOLD,,55,False
TSLA,2023-02-07,golden_cross,196.81,200.86,10,2.06,True,HOLD,,True,blocked_overbought,HOLD,,55,False
TSLA,2023-02-07,golden_cross,196.81,182.0,20,-7.53,False,HOLD,,True,blocked_overbought,HOLD,,55,False
TSLA,2023-03-31,death_cross,207.46,184.51,5,-11.06,True,HOLD,,False,n/a,HOLD,,55,False
TSLA,2023-03-31,death_cross,207.46,187.04,10,-9.84,True,HOLD,,False,n/a,HOLD,,55,False
TSLA,2023-03-31,death_cross,207.46,161.83,20,-21.99,True,HOLD,,False,n/a,HOLD,,55,False
TSLA,2023-06-02,golden_cross,213.97,244.4,5,14.22,True,HOLD,,True,blocked_overbought,HOLD,,55,False
TSLA,2023-06-02,golden_cross,213.97,260.54,10,21.76,True,HOLD,,True,blocked_overbought,HOLD,,55,False
TSLA,2023-06-02,golden_cross,213.97,279.82,20,30.78,True,HOLD,,True,blocked_overbought,HOLD,,55,False
TSLA,2023-08-15,death_cross,232.96,233.19,5,0.1,False,HOLD,,False,n/a,HOLD,,55,False
TSLA,2023-08-15,death_cross,232.96,257.18,10,10.4,False,HOLD,,False,n/a,HOLD,,55,False
TSLA,2023-08-15,death_cross,232.96,271.3,20,16.46,False,HOLD,,False,n/a,HOLD,,55,False
TSLA,2023-09-20,golden_cross,262.59,240.5,5,-8.41,False,BUY,False,True,passed,BUY,False,90,True
TSLA,2023-09-20,golden_cross,262.59,261.16,10,-0.54,False,BUY,False,True,passed,BUY,False,90,True
TSLA,2023-09-20,golden_cross,262.59,242.68,20,-7.58,False,BUY,False,True,passed,BUY,False,90,True
TSLA,2023-10-23,death_cross,212.08,197.36,5,-6.94,True,HOLD,,True,blocked_oversold,HOLD,,55,False
TSLA,2023-10-23,death_cross,212.08,219.27,10,3.39,False,HOLD,,True,blocked_oversold,HOLD,,55,False
TSLA,2023-10-23,death_cross,212.08,235.6,20,11.09,False,HOLD,,True,blocked_oversold,HOLD,,55,False
TSLA,2023-12-07,golden_cross,242.64,251.05,5,3.47,True,BUY,True,True,passed,BUY,True,90,True
TSLA,2023-12-07,golden_cross,242.64,254.5,10,4.89,True,BUY,True,True,passed,BUY,True,90,True
TSLA,2023-12-07,golden_cross,242.64,240.45,20,-0.9,False,BUY,False,True,passed,BUY,False,90,True
TSLA,2024-01-22,death_cross,208.8,190.93,5,-8.56,True,HOLD,,False,n/a,HOLD,,55,False
TSLA,2024-01-22,death_cross,208.8,181.06,10,-13.29,True,HOLD,,False,n/a,HOLD,,55,False
TSLA,2024-01-22,death_cross,208.8,193.76,20,-7.2,True,HOLD,,False,n/a,HOLD,,55,False
TSLA,2024-05-16,golden_cross,174.84,173.74,5,-0.63,False,HOLD,,False,n/a,HOLD,,55,False
TSLA,2024-05-16,golden_cross,174.84,178.08,10,1.85,True,HOLD,,False,n/a,HOLD,,55,False
TSLA,2024-05-16,golden_cross,174.84,178.01,20,1.81,True,HOLD,,False,n/a,HOLD,,55,False
TSLA,2024-08-19,death_cross,222.72,213.21,5,-4.27,True,HOLD,,False,n/a,HOLD,,55,False
TSLA,2024-08-19,death_cross,222.72,210.6,10,-5.44,True,HOLD,,False,n/a,HOLD,,55,False
TSLA,2024-08-19,death_cross,222.72,227.87,20,2.31,False,HOLD,,False,n/a,HOLD,,55,False
TSLA,2024-09-23,golden_cross,250.0,261.63,5,4.65,True,HOLD,,False,n/a,HOLD,,55,False
TSLA,2024-09-23,golden_cross,250.0,240.83,10,-3.67,False,HOLD,,False,n/a,HOLD,,55,False
TSLA,2024-09-23,golden_cross,250.0,218.85,20,-12.46,False,HOLD,,False,n/a,HOLD,,55,False
TSLA,2025-02-07,death_cross,361.62,355.84,5,-1.6,True,HOLD,,False,n/a,HOLD,,55,False
TSLA,2025-02-07,death_cross,361.62,330.53,10,-8.6,True,HOLD,,False,n/a,HOLD,,55,False
TSLA,2025-02-07,death_cross,361.62,222.15,20,-38.57,True,HOLD,,False,n/a,HOLD,,55,False
TSLA,2025-05-06,golden_cross,275.35,334.07,5,21.33,True,HOLD,,False,n/a,HOLD,,55,False
TSLA,2025-05-06,golden_cross,275.35,343.82,10,24.87,True,HOLD,,False,n/a,HOLD,,55,False
TSLA,2025-05-06,golden_cross,275.35,332.05,20,20.59,True,HOLD,,False,n/a,HOLD,,55,False
TSLA,2025-07-10,death_cross,309.87,319.41,5,3.08,False,HOLD,,False,n/a,HOLD,,55,False
TSLA,2025-07-10,death_cross,309.87,305.3,10,-1.47,True,HOLD,,False,n/a,HOLD,,55,False
TSLA,2025-07-10,death_cross,309.87,322.27,20,4.0,False,HOLD,,False,n/a,HOLD,,55,False
TSLA,2025-08-11,golden_cross,339.03,335.16,5,-1.14,False,HOLD,,False,n/a,HOLD,,55,False
TSLA,2025-08-11,golden_cross,339.03,346.6,10,2.23,True,HOLD,,False,n/a,HOLD,,55,False
TSLA,2025-08-11,golden_cross,339.03,346.97,20,2.34,True,HOLD,,False,n/a,HOLD,,55,False
TSLA,2025-11-21,death_cross,391.09,430.14,5,9.98,False,HOLD,,True,blocked_oversold,HOLD,,55,False
TSLA,2025-11-21,death_cross,391.09,439.58,10,12.4,False,HOLD,,True,blocked_oversold,HOLD,,55,False
TSLA,2025-11-21,death_cross,391.09,488.73,20,24.97,False,HOLD,,True,blocked_oversold,HOLD,,55,False
TSLA,2025-12-17,golden_cross,467.26,485.4,5,3.88,True,HOLD,,False,n/a,HOLD,,55,False
TSLA,2025-12-17,golden_cross,467.26,438.07,10,-6.25,False,HOLD,,False,n/a,HOLD,,55,False
TSLA,2025-12-17,golden_cross,467.26,437.5,20,-6.37,False,HOLD,,False,n/a,HOLD,,55,False
TSLA,2026-01-27,death_cross,430.9,421.96,5,-2.07,True,HOLD,,False,n/a,HOLD,,55,False
TSLA,2026-01-27,death_cross,430.9,425.21,10,-1.32,True,HOLD,,False,n/a,HOLD,,55,False
TSLA,2026-01-27,death_cross,430.9,417.4,20,-3.13,True,HOLD,,False,n/a,HOLD,,55,False
META,2021-06-23,golden_cross,337.94,345.0,5,2.09,True,HOLD,,False,n/a,HOLD,,70,True
META,2021-06-23,golden_cross,337.94,342.96,10,1.49,True,HOLD,,False,n/a,HOLD,,70,True
META,2021-06-23,golden_cross,337.94,348.46,20,3.11,True,HOLD,,False,n/a,HOLD,,70,True
META,2021-09-30,death_cross,336.75,326.66,5,-3.0,True,HOLD,,True,blocked_oversold,HOLD,,55,False
META,2021-09-30,death_cross,336.75,325.97,10,-3.2,True,HOLD,,True,blocked_oversold,HOLD,,55,False
META,2021-09-30,death_cross,336.75,314.45,20,-6.62,True,HOLD,,True,blocked_oversold,HOLD,,55,False
META,2021-11-26,golden_cross,330.53,304.45,5,-7.89,False,HOLD,,False,n/a,HOLD,,70,True
META,2021-11-26,golden_cross,330.53,327.18,10,-1.01,False,HOLD,,False,n/a,HOLD,,70,True
META,2021-11-26,golden_cross,330.53,343.48,20,3.92,True,HOLD,,False,n/a,HOLD,,70,True
META,2021-12-14,death_cross,331.14,331.6,5,0.14,False,HOLD,,False,n/a,HOLD,,55,False
META,2021-12-14,death_cross,331.14,340.27,10,2.76,False,HOLD,,False,n/a,HOLD,,55,False
META,2021-12-14,death_cross,331.14,330.67,20,-0.14,True,HOLD,,False,n/a,HOLD,,55,False
META,2021-12-31,golden_cross,333.73,329.21,5,-1.36,False,HOLD,,False,n/a,HOLD,,70,True
META,2021-12-31,golden_cross,333.73,329.32,10,-1.32,False,HOLD,,False,n/a,HOLD,,70,True
META,2021-12-31,golden_cross,333.73,310.82,20,-6.86,False,HOLD,,False,n/a,HOLD,,70,True
META,2022-01-21,death_cross,300.81,299.36,5,-0.48,True,HOLD,,False,n/a,HOLD,,55,False
META,2022-01-21,death_cross,300.81,235.24,10,-21.8,True,HOLD,,False,n/a,HOLD,,55,False
META,2022-01-21,death_cross,300.81,204.55,20,-32.0,True,HOLD,,False,n/a,HOLD,,55,False
META,2022-04-12,golden_cross,212.47,198.86,5,-6.41,False,HOLD,,False,n/a,HOLD,,70,True
META,2022-04-12,golden_cross,212.47,173.59,10,-18.3,False,HOLD,,False,n/a,HOLD,,70,True
META,2022-04-12,golden_cross,212.47,187.27,20,-11.86,False,HOLD,,False,n/a,HOLD,,70,True
META,2022-05-02,death_cross,209.49,194.68,5,-7.07,True,SELL,True,True,passed,SELL,True,60,False
META,2022-05-02,death_cross,209.49,198.48,10,-5.25,True,SELL,True,True,passed,SELL,True,60,False
META,2022-05-02,death_cross,209.49,192.13,20,-8.28,True,SELL,True,True,passed,SELL,True,60,False
META,2022-08-15,golden_cross,179.48,161.78,5,-9.86,False,BUY,False,True,passed,BUY,False,60,False
META,2022-08-15,golden_cross,179.48,157.93,10,-12.01,False,BUY,False,True,passed,BUY,False,60,False
META,2022-08-15,golden_cross,179.48,151.94,20,-15.35,False,BUY,False,True,passed,BUY,False,60,False
META,2022-09-08,death_cross,160.8,148.39,5,-7.72,True,HOLD,,False,n/a,HOLD,,55,False
META,2022-09-08,death_cross,160.8,141.71,10,-11.87,True,HOLD,,False,n/a,HOLD,,55,False
META,2022-09-08,death_cross,160.8,137.99,20,-14.19,True,HOLD,,False,n/a,HOLD,,55,False
META,2022-12-19,golden_cross,113.59,115.97,5,2.1,True,HOLD,,False,n/a,HOLD,,70,True
META,2022-12-19,golden_cross,113.59,126.38,10,11.26,True,HOLD,,False,n/a,HOLD,,70,True
META,2022-12-19,golden_cross,113.59,135.09,20,18.93,True,HOLD,,False,n/a,HOLD,,70,True
META,2023-08-30,death_cross,292.8,296.34,5,1.21,False,HOLD,,False,n/a,HOLD,,55,False
META,2023-08-30,death_cross,292.8,309.29,10,5.63,False,HOLD,,False,n/a,HOLD,,55,False
META,2023-08-30,death_cross,292.8,301.59,20,3.0,False,HOLD,,False,n/a,HOLD,,55,False
META,2023-09-29,golden_cross,297.87,312.97,5,5.07,True,BUY,True,True,passed,BUY,True,90,True
META,2023-09-29,golden_cross,297.87,312.24,10,4.82,True,BUY,True,True,passed,BUY,True,90,True
META,2023-09-29,golden_cross,297.87,294.42,20,-1.16,False,BUY,False,True,passed,BUY,False,90,True
META,2024-04-30,death_cross,427.27,465.09,5,8.85,False,HOLD,,True,blocked_oversold,HOLD,,55,False
META,2024-04-30,death_cross,427.27,468.67,10,9.69,False,HOLD,,True,blocked_oversold,HOLD,,55,False
META,2024-04-30,death_cross,427.27,471.17,20,10.27,False,HOLD,,True,blocked_oversold,HOLD,,55,False
META,2024-06-13,golden_cross,500.71,491.94,5,-1.75,False,HOLD,,False,n/a,HOLD,,70,True
META,2024-06-13,golden_cross,500.71,501.32,10,0.12,True,HOLD,,False,n/a,HOLD,,70,True
META,2024-06-13,golden_cross,500.71,493.31,20,-1.48,False,HOLD,,False,n/a,HOLD,,70,True
META,2024-07-31,death_cross,472.1,486.11,5,2.97,False,SELL,False,True,passed,SELL,False,60,False
META,2024-07-31,death_cross,472.1,523.73,10,10.94,False,SELL,False,True,passed,SELL,False,60,False
META,2024-07-31,death_cross,472.1,513.81,20,8.83,False,SELL,False,True,passed,SELL,False,60,False
META,2024-08-22,golden_cross,528.87,515.24,5,-2.58,False,HOLD,,False,n/a,HOLD,,70,True
META,2024-08-22,golden_cross,528.87,497.39,10,-5.95,False,HOLD,,False,n/a,HOLD,,70,True
META,2024-08-22,golden_cross,528.87,558.66,20,5.63,True,HOLD,,False,n/a,HOLD,,70,True
META,2024-11-25,death_cross,562.4,610.71,5,8.59,False,SELL,False,True,passed,SELL,False,60,False
META,2024-11-25,death_cross,562.4,616.35,10,9.59,False,SELL,False,True,passed,SELL,False,60,False
META,2024-11-25,death_cross,562.4,605.32,20,7.63,False,SELL,False,True,passed,SELL,False,60,False
META,2024-12-05,golden_cross,606.01,627.76,5,3.59,True,HOLD,,False,n/a,HOLD,,70,True
META,2024-12-05,golden_cross,606.01,593.19,10,-2.12,False,HOLD,,False,n/a,HOLD,,70,True
META,2024-12-05,golden_cross,606.01,627.68,20,3.58,True,HOLD,,False,n/a,HOLD,,70,True
META,2025-03-14,death_cross,605.71,594.4,5,-1.87,True,SELL,True,True,passed,SELL,True,60,False
META,2025-03-14,death_cross,605.71,574.95,10,-5.08,True,SELL,True,True,passed,SELL,True,60,False
META,2025-03-14,death_cross,605.71,541.88,20,-10.54,True,SELL,True,True,passed,SELL,True,60,False
META,2025-05-16,golden_cross,638.35,625.11,5,-2.07,False,HOLD,,False,n/a,HOLD,,70,True
META,2025-05-16,golden_cross,638.35,668.81,10,4.77,True,HOLD,,False,n/a,HOLD,,70,True
META,2025-05-16,golden_cross,638.35,700.47,20,9.73,True,HOLD,,False,n/a,HOLD,,70,True
META,2025-10-06,death_cross,714.47,714.51,5,0.01,False,HOLD,,True,blocked_oversold,HOLD,,55,False
META,2025-10-06,death_cross,714.47,730.95,10,2.31,False,HOLD,,True,blocked_oversold,HOLD,,55,False
META,2025-10-06,death_cross,714.47,636.65,20,-10.89,True,HOLD,,True,blocked_oversold,HOLD,,55,False
META,2025-12-29,golden_cross,658.13,660.05,5,0.29,True,HOLD,,False,n/a,HOLD,,70,True
META,2025-12-29,golden_cross,658.13,630.55,10,-4.19,False,HOLD,,False,n/a,HOLD,,70,True
META,2025-12-29,golden_cross,658.13,668.16,20,1.52,True,HOLD,,False,n/a,HOLD,,70,True
META,2026-03-03,death_cross,654.52,653.51,5,-0.15,True,HOLD,,False,n/a,HOLD,,55,False
META,2026-03-03,death_cross,654.52,622.66,10,-4.87,True,HOLD,,False,n/a,HOLD,,55,False
META,2026-03-03,death_cross,654.52,572.13,20,-12.59,True,HOLD,,False,n/a,HOLD,,55,False
NVDA,2021-06-23,golden_cross,19.01,19.96,5,4.96,True,HOLD,,True,blocked_overbought,HOLD,,55,False
NVDA,2021-06-23,golden_cross,19.01,19.86,10,4.44,True,HOLD,,True,blocked_overbought,HOLD,,55,False
NVDA,2021-06-23,golden_cross,19.01,19.55,20,2.82,True,HOLD,,True,blocked_overbought,HOLD,,55,False
NVDA,2021-10-12,death_cross,20.63,22.24,5,7.83,False,SELL,False,True,passed,SELL,False,90,True
NVDA,2021-10-12,death_cross,20.63,24.66,10,19.57,False,SELL,False,True,passed,SELL,False,90,True
NVDA,2021-10-12,death_cross,20.63,30.59,20,48.31,False,SELL,False,True,passed,SELL,False,90,True
NVDA,2021-10-28,golden_cross,24.89,29.74,5,19.49,True,HOLD,,False,n/a,HOLD,,70,True
NVDA,2021-10-28,golden_cross,24.89,30.33,10,21.85,True,HOLD,,False,n/a,HOLD,,70,True
NVDA,2021-10-28,golden_cross,24.89,31.44,20,26.31,True,HOLD,,False,n/a,HOLD,,70,True
NVDA,2022-01-05,death_cross,27.55,27.94,5,1.43,False,HOLD,,False,n/a,HOLD,,55,False
NVDA,2022-01-05,death_cross,27.55,24.1,10,-12.51,True,HOLD,,False,n/a,HOLD,,55,False
NVDA,2022-01-05,death_cross,27.55,23.9,20,-13.24,True,HOLD,,False,n/a,HOLD,,55,False
NVDA,2022-03-28,golden_cross,28.17,27.31,5,-3.04,False,HOLD,,False,n/a,HOLD,,70,True
NVDA,2022-03-28,golden_cross,28.17,21.88,10,-22.33,False,HOLD,,False,n/a,HOLD,,70,True
NVDA,2022-03-28,golden_cross,28.17,18.75,20,-33.42,False,HOLD,,False,n/a,HOLD,,70,True
NVDA,2022-04-22,death_cross,19.48,18.51,5,-4.96,True,HOLD,,False,n/a,HOLD,,55,False
NVDA,2022-04-22,death_cross,19.48,18.64,10,-4.3,True,HOLD,,False,n/a,HOLD,,55,False
NVDA,2022-04-22,death_cross,19.48,16.66,20,-14.46,True,HOLD,,False,n/a,HOLD,,55,False
NVDA,2022-08-04,golden_cross,19.18,17.91,5,-6.63,False,HOLD,,False,n/a,HOLD,,70,True
NVDA,2022-08-04,golden_cross,19.18,18.74,10,-2.3,False,HOLD,,False,n/a,HOLD,,70,True
NVDA,2022-08-04,golden_cross,19.18,13.91,20,-27.47,False,HOLD,,False,n/a,HOLD,,70,True
NVDA,2022-09-07,death_cross,13.7,13.11,5,-4.27,True,HOLD,,True,blocked_oversold,HOLD,,55,False
NVDA,2022-09-07,death_cross,13.7,13.24,10,-3.3,True,HOLD,,True,blocked_oversold,HOLD,,55,False
NVDA,2022-09-07,death_cross,13.7,13.19,20,-3.68,True,HOLD,,True,blocked_oversold,HOLD,,55,False
NVDA,2022-11-10,golden_cross,15.73,15.66,5,-0.46,False,HOLD,,False,n/a,HOLD,,70,True
NVDA,2022-11-10,golden_cross,15.73,16.25,10,3.3,True,HOLD,,False,n/a,HOLD,,70,True
NVDA,2022-11-10,golden_cross,15.73,16.98,20,7.97,True,HOLD,,False,n/a,HOLD,,70,True
NVDA,2023-01-11,death_cross,15.98,16.75,5,4.77,False,HOLD,,False,n/a,HOLD,,55,False
NVDA,2023-01-11,death_cross,15.98,19.78,10,23.75,False,HOLD,,False,n/a,HOLD,,55,False
NVDA,2023-01-11,death_cross,15.98,22.31,20,39.6,False,HOLD,,False,n/a,HOLD,,55,False
NVDA,2023-01-26,golden_cross,19.78,21.69,5,9.63,True,HOLD,,True,blocked_overbought,HOLD,,55,False
NVDA,2023-01-26,golden_cross,19.78,22.31,10,12.8,True,HOLD,,True,blocked_overbought,HOLD,,55,False
NVDA,2023-01-26,golden_cross,19.78,23.26,20,17.59,True,HOLD,,True,blocked_overbought,HOLD,,55,False
NVDA,2023-09-27,death_cross,42.44,44.01,5,3.7,False,HOLD,,False,n/a,HOLD,,55,False
NVDA,2023-09-27,death_cross,42.44,46.77,10,10.21,False,HOLD,,False,n/a,HOLD,,55,False
NVDA,2023-09-27,death_cross,42.44,41.75,20,-1.62,True,HOLD,,False,n/a,HOLD,,55,False
NVDA,2023-11-15,golden_cross,48.85,48.68,5,-0.35,False,HOLD,,False,n/a,HOLD,,70,True
NVDA,2023-11-15,golden_cross,48.85,46.74,10,-4.33,False,HOLD,,False,n/a,HOLD,,70,True
NVDA,2023-11-15,golden_cross,48.85,48.32,20,-1.09,False,HOLD,,False,n/a,HOLD,,70,True
NVDA,2024-04-30,death_cross,86.35,90.5,5,4.81,False,SELL,False,True,passed,SELL,False,90,True
NVDA,2024-04-30,death_cross,86.35,91.3,10,5.73,False,SELL,False,True,passed,SELL,False,90,True
NVDA,2024-04-30,death_cross,86.35,114.76,20,32.9,False,SELL,False,True,passed,SELL,False,90,True
NVDA,2024-05-20,golden_cross,94.73,113.84,5,20.17,True,HOLD,,False,n/a,HOLD,,70,True
NVDA,2024-05-20,golden_cross,94.73,116.37,10,22.85,True,HOLD,,False,n/a,HOLD,,70,True
NVDA,2024-05-20,golden_cross,94.73,135.51,20,43.06,True,HOLD,,False,n/a,HOLD,,70,True
NVDA,2024-08-02,death_cross,107.22,104.7,5,-2.35,True,SELL,True,True,passed,SELL,True,60,False
NVDA,2024-08-02,death_cross,107.22,124.52,10,16.14,False,SELL,False,True,passed,SELL,False,60,False
NVDA,2024-08-02,death_cross,107.22,119.31,20,11.28,False,SELL,False,True,passed,SELL,False,60,False
NVDA,2024-09-06,golden_cross,102.78,119.05,5,15.83,True,HOLD,,False,n/a,HOLD,,55,False
NVDA,2024-09-06,golden_cross,102.78,115.95,10,12.82,True,HOLD,,False,n/a,HOLD,,55,False
NVDA,2024-09-06,golden_cross,102.78,124.87,20,21.49,True,HOLD,,False,n/a,HOLD,,55,False
NVDA,2024-09-19,death_cross,117.82,123.99,5,5.23,False,HOLD,,False,n/a,HOLD,,55,False
NVDA,2024-09-19,death_cross,117.82,122.8,10,4.22,False,HOLD,,False,n/a,HOLD,,55,False
NVDA,2024-09-19,death_cross,117.82,136.88,20,16.17,False,HOLD,,False,n/a,HOLD,,55,False
NVDA,2024-10-02,golden_cross,118.8,132.6,5,11.61,True,HOLD,,False,n/a,HOLD,,70,True
NVDA,2024-10-02,golden_cross,118.8,135.67,10,14.19,True,HOLD,,False,n/a,HOLD,,70,True
NVDA,2024-10-02,golden_cross,118.8,139.28,20,17.24,True,HOLD,,False,n/a,HOLD,,70,True
NVDA,2024-12-17,death_cross,130.35,140.17,5,7.54,False,HOLD,,False,n/a,HOLD,,70,True
NVDA,2024-12-17,death_cross,130.35,138.26,10,6.07,False,HOLD,,False,n/a,HOLD,,70,True
NVDA,2024-12-17,death_cross,130.35,137.66,20,5.61,False,HOLD,,False,n/a,HOLD,,70,True
NVDA,2025-05-14,golden_cross,135.31,131.77,5,-2.62,False,HOLD,,False,n/a,HOLD,,55,False
NVDA,2025-05-14,golden_cross,135.31,139.16,10,2.84,True,HOLD,,False,n/a,HOLD,,55,False
NVDA,2025-05-14,golden_cross,135.31,144.98,20,7.15,True,HOLD,,False,n/a,HOLD,,55,False
NVDA,2025-09-17,death_cross,170.27,176.95,5,3.92,False,SELL,False,True,passed,SELL,False,60,False
NVDA,2025-09-17,death_cross,170.27,187.22,10,9.95,False,SELL,False,True,passed,SELL,False,60,False
NVDA,2025-09-17,death_cross,170.27,179.81,20,5.6,False,SELL,False,True,passed,SELL,False,60,False
NVDA,2025-10-03,golden_cross,187.6,183.14,5,-2.38,False,HOLD,,False,n/a,HOLD,,55,False
NVDA,2025-10-03,golden_cross,187.6,183.2,10,-2.35,False,HOLD,,False,n/a,HOLD,,55,False
NVDA,2025-10-03,golden_cross,187.6,202.47,20,7.93,True,HOLD,,False,n/a,HOLD,,55,False
NVDA,2025-12-02,death_cross,181.44,184.96,5,1.94,False,SELL,False,True,passed,SELL,False,60,False
NVDA,2025-12-02,death_cross,181.44,177.71,10,-2.06,True,SELL,True,True,passed,SELL,True,60,False
NVDA,2025-12-02,death_cross,181.44,186.49,20,2.78,False,SELL,False,True,passed,SELL,False,60,False
NVDA,2026-01-15,golden_cross,187.04,187.66,5,0.33,True,HOLD,,False,n/a,HOLD,,55,False
NVDA,2026-01-15,golden_cross,187.04,191.12,10,2.18,True,HOLD,,False,n/a,HOLD,,55,False
NVDA,2026-01-15,golden_cross,187.04,182.8,20,-2.27,False,HOLD,,False,n/a,HOLD,,55,False
NVDA,2026-03-02,death_cross,182.47,182.64,5,0.09,False,SELL,False,True,passed,SELL,False,60,False
NVDA,2026-03-02,death_cross,182.47,183.22,10,0.41,False,SELL,False,True,passed,SELL,False,60,False
NVDA,2026-03-02,death_cross,182.47,165.17,20,-9.48,True,SELL,True,True,passed,SELL,True,60,False
NVDA,2026-03-06,golden_cross,177.81,180.25,5,1.37,True,BUY,True,True,passed,BUY,True,90,True
NVDA,2026-03-06,golden_cross,177.81,172.7,10,-2.87,False,BUY,False,True,passed,BUY,False,90,True
NVDA,2026-03-06,golden_cross,177.81,177.64,20,-0.1,False,BUY,False,True,passed,BUY,False,90,True
NVDA,2026-03-10,death_cross,184.76,181.93,5,-1.53,True,SELL,True,True,passed,SELL,True,90,True
NVDA,2026-03-10,death_cross,184.76,175.2,10,-5.17,True,SELL,True,True,passed,SELL,True,90,True
NVDA,2026-03-10,death_cross,184.76,182.08,20,-1.45,True,SELL,True,True,passed,SELL,True,90,True
JPM,2021-06-23,golden_cross,133.18,137.08,5,2.92,True,BUY,True,True,passed,BUY,True,90,True
JPM,2021-06-23,golden_cross,133.18,133.79,10,0.46,True,BUY,True,True,passed,BUY,True,90,True
JPM,2021-06-23,golden_cross,133.18,133.78,20,0.45,True,BUY,True,True,passed,BUY,True,90,True
JPM,2021-06-29,death_cross,135.84,136.14,5,0.22,False,SELL,False,True,passed,SELL,False,60,False
JPM,2021-06-29,death_cross,135.84,137.5,10,1.22,False,SELL,False,True,passed,SELL,False,60,False
JPM,2021-06-29,death_cross,135.84,134.46,20,-1.02,True,SELL,True,True,passed,SELL,True,60,False
JPM,2021-08-17,golden_cross,139.17,139.76,5,0.42,True,HOLD,,False,n/a,HOLD,,55,False
JPM,2021-08-17,golden_cross,139.17,141.78,10,1.87,True,HOLD,,False,n/a,HOLD,,55,False
JPM,2021-08-17,golden_cross,139.17,140.19,20,0.73,True,HOLD,,False,n/a,HOLD,,55,False
JPM,2021-11-30,death_cross,141.63,144.97,5,2.35,False,SELL,False,True,passed,SELL,False,60,False
JPM,2021-11-30,death_cross,141.63,141.9,10,0.19,False,SELL,False,True,passed,SELL,False,60,False
JPM,2021-11-30,death_cross,141.63,141.39,20,-0.17,True,SELL,True,True,passed,SELL,True,60,False
JPM,2022-06-21,golden_cross,104.68,104.67,5,-0.01,False,BUY,False,True,passed,BUY,False,90,True
JPM,2022-06-21,golden_cross,104.68,102.01,10,-2.55,False,BUY,False,True,passed,BUY,False,90,True
JPM,2022-06-21,golden_cross,104.68,104.43,20,-0.24,False,BUY,False,True,passed,BUY,False,90,True
JPM,2022-06-22,death_cross,104.09,104.2,5,0.1,False,HOLD,,True,blocked_oversold,HOLD,,55,False
JPM,2022-06-22,death_cross,104.09,104.59,10,0.48,False,HOLD,,True,blocked_oversold,HOLD,,55,False
JPM,2022-06-22,death_cross,104.09,105.14,20,1.01,False,HOLD,,True,blocked_oversold,HOLD,,55,False
JPM,2022-08-16,golden_cross,112.71,105.32,5,-6.56,False,HOLD,,False,n/a,HOLD,,55,False
JPM,2022-08-16,golden_cross,112.71,104.31,10,-7.46,False,HOLD,,False,n/a,HOLD,,55,False
JPM,2022-08-16,golden_cross,112.71,105.87,20,-6.07,False,HOLD,,False,n/a,HOLD,,55,False
JPM,2022-09-22,death_cross,101.39,96.79,5,-4.54,True,SELL,True,True,passed,SELL,True,60,False
JPM,2022-09-22,death_cross,101.39,99.47,10,-1.89,True,SELL,True,True,passed,SELL,True,60,False
JPM,2022-09-22,death_cross,101.39,106.82,20,5.36,False,SELL,False,True,passed,SELL,False,60,False
JPM,2022-10-28,golden_cross,115.98,120.21,5,3.65,True,HOLD,,True,blocked_overbought,HOLD,,55,False
JPM,2022-10-28,golden_cross,115.98,124.46,10,7.31,True,HOLD,,True,blocked_overbought,HOLD,,55,False
JPM,2022-10-28,golden_cross,115.98,123.58,20,6.56,True,HOLD,,True,blocked_overbought,HOLD,,55,False
JPM,2023-03-15,death_cross,118.85,117.85,5,-0.84,True,SELL,True,True,passed,SELL,True,60,False
JPM,2023-03-15,death_cross,118.85,119.67,10,0.69,False,SELL,False,True,passed,SELL,False,60,False
JPM,2023-03-15,death_cross,118.85,120.47,20,1.36,False,SELL,False,True,passed,SELL,False,60,False
JPM,2023-04-28,golden_cross,129.11,127.71,5,-1.09,False,HOLD,,False,n/a,HOLD,,55,False
JPM,2023-04-28,golden_cross,129.11,125.24,10,-2.99,False,HOLD,,False,n/a,HOLD,,55,False
JPM,2023-04-28,golden_cross,129.11,127.89,20,-0.94,False,HOLD,,False,n/a,HOLD,,55,False
JPM,2023-09-05,death_cross,136.54,137.61,5,0.79,False,HOLD,,False,n/a,HOLD,,55,False
JPM,2023-09-05,death_cross,136.54,140.05,10,2.57,False,HOLD,,False,n/a,HOLD,,55,False
JPM,2023-09-05,death_cross,136.54,134.2,20,-1.71,True,HOLD,,False,n/a,HOLD,,55,False
JPM,2023-11-22,golden_cross,145.25,147.85,5,1.79,True,HOLD,,False,n/a,HOLD,,55,False
JPM,2023-11-22,golden_cross,145.25,148.53,10,2.26,True,HOLD,,False,n/a,HOLD,,55,False
JPM,2023-11-22,golden_cross,145.25,158.67,20,9.24,True,HOLD,,False,n/a,HOLD,,55,False
JPM,2024-05-03,death_cross,182.64,190.56,5,4.34,False,HOLD,,False,n/a,HOLD,,55,False
JPM,2024-05-03,death_cross,182.64,196.33,10,7.5,False,HOLD,,False,n/a,HOLD,,55,False
JPM,2024-05-03,death_cross,182.64,193.48,20,5.94,False,HOLD,,False,n/a,HOLD,,55,False
JPM,2024-05-15,golden_cross,193.76,190.12,5,-1.88,False,HOLD,,False,n/a,HOLD,,55,False
JPM,2024-05-15,golden_cross,193.76,191.1,10,-1.38,False,HOLD,,False,n/a,HOLD,,55,False
JPM,2024-05-15,golden_cross,193.76,185.66,20,-4.18,False,HOLD,,False,n/a,HOLD,,55,False
JPM,2024-09-30,death_cross,203.27,204.58,5,0.65,False,SELL,False,True,passed,SELL,False,60,False
JPM,2024-09-30,death_cross,203.27,214.82,10,5.68,False,SELL,False,True,passed,SELL,False,60,False
JPM,2024-09-30,death_cross,203.27,218.71,20,7.6,False,SELL,False,True,passed,SELL,False,60,False
JPM,2024-10-16,golden_cross,216.91,216.69,5,-0.1,False,HOLD,,False,n/a,HOLD,,55,False
JPM,2024-10-16,golden_cross,216.91,217.66,10,0.34,True,HOLD,,False,n/a,HOLD,,55,False
JPM,2024-10-16,golden_cross,216.91,233.9,20,7.83,True,HOLD,,False,n/a,HOLD,,55,False
JPM,2025-01-13,death_cross,238.08,256.43,5,7.71,False,SELL,False,True,passed,SELL,False,60,False
JPM,2025-01-13,death_cross,238.08,260.44,10,9.39,False,SELL,False,True,passed,SELL,False,60,False
JPM,2025-01-13,death_cross,238.08,268.09,20,12.6,False,SELL,False,True,passed,SELL,False,60,False
JPM,2025-01-17,golden_cross,252.66,259.18,5,2.58,True,HOLD,,True,blocked_overbought,HOLD,,55,False
JPM,2025-01-17,golden_cross,252.66,260.12,10,2.95,True,HOLD,,True,blocked_overbought,HOLD,,55,False
JPM,2025-01-17,golden_cross,252.66,272.93,20,8.02,True,HOLD,,True,blocked_overbought,HOLD,,55,False
JPM,2025-03-13,death_cross,219.54,233.02,5,6.14,False,HOLD,,True,blocked_oversold,HOLD,,55,False
JPM,2025-03-13,death_cross,219.54,241.9,10,10.18,False,HOLD,,True,blocked_oversold,HOLD,,55,False
JPM,2025-03-13,death_cross,219.54,222.78,20,1.47,False,HOLD,,True,blocked_oversold,HOLD,,55,False
JPM,2025-05-07,golden_cross,244.63,260.57,5,6.52,True,HOLD,,False,n/a,HOLD,,55,False
JPM,2025-05-07,golden_cross,244.63,256.06,10,4.67,True,HOLD,,False,n/a,HOLD,,55,False
JPM,2025-05-07,golden_cross,244.63,256.95,20,5.04,True,HOLD,,False,n/a,HOLD,,55,False
JPM,2025-10-29,death_cross,302.59,308.7,5,2.02,False,HOLD,,False,n/a,HOLD,,55,False
JPM,2025-10-29,death_cross,302.59,317.35,10,4.88,False,HOLD,,False,n/a,HOLD,,55,False
JPM,2025-10-29,death_cross,302.59,304.7,20,0.7,False,HOLD,,False,n/a,HOLD,,55,False
JPM,2025-11-13,golden_cross,306.52,295.53,5,-3.59,False,HOLD,,False,n/a,HOLD,,55,False
JPM,2025-11-13,golden_cross,306.52,310.09,10,1.16,True,HOLD,,False,n/a,HOLD,,55,False
JPM,2025-11-13,golden_cross,306.52,315.48,20,2.92,True,HOLD,,False,n/a,HOLD,,55,False
JPM,2026-02-02,death_cross,306.57,320.46,5,4.53,False,SELL,False,True,passed,SELL,False,60,False
JPM,2026-02-02,death_cross,306.57,305.57,10,-0.33,True,SELL,True,True,passed,SELL,True,60,False
JPM,2026-02-02,death_cross,306.57,298.73,20,-2.56,True,SELL,True,True,passed,SELL,True,60,False
